42	50	270900	270944	267	17	44	24220	76	108	1687	1	0	80	0.0498	0.2415	0.1818	0.0047	0.4706	1	1	2.4265	0.9031	1.6435	0.8182	-0.2913	0.5822	1	0	0	0	0	0	0
645	651	2538079	2538108	108	10	30	11397	84	123	1687	1	0	80	0.7647	0.3793	0.2069	0.0036	0.6	0.9667	1	2.0334	0.7782	1.4624	0.7931	-0.1756	0.2984	1	0	0	0	0	0	0
829	835	1553913	1553931	71	8	19	7972	99	125	1623	1	0	100	0.971	0.3426	0.3333	0.0037	0.75	0.9474	1	1.8513	0.7782	1.2553	0.6667	-0.1228	0.215	1	0	0	0	0	0	0
853	860	369370	369415	176	13	45	18996	99	126	1353	0	1	290	0.7287	0.4413	0.1556	0.0052	0.5385	1	1	2.2455	0.8451	1.6532	0.8444	-0.1568	0.5212	1	0	0	0	0	0	0
1289	1306	498078	498335	2409	60	260	246930	37	126	1353	0	1	185	0.0695	0.4486	0.0662	0.0126	0.2833	0.9885	1	3.3818	1.2305	2.4099	0.9338	-0.1992	1	1	0	0	0	0	0	0
430	441	100250	100337	630	20	87	62357	64	127	1387	0	1	40	0.62	0.3417	0.1264	0.0079	0.55	1	1	2.7993	1.0414	1.9395	0.8736	-0.2267	0.9874	1	0	0	0	0	0	0
413	446	138468	138883	9052	230	432	1481991	23	199	1687	0	1	150	0.4896	0.339	0.0795	0.0196	0.1435	0.9607	1	3.9567	1.5185	2.6181	0.9205	0.2791	1	1	0	0	0	0	0	0
190	200	210936	210956	132	11	20	20007	124	172	1687	0	1	150	0.2253	0.34	0.5	0.0059	0.9091	1	1	2.1206	1	1.301	0.5	0.1841	0.3359	1	0	0	0	0	0	0
330	343	429227	429253	264	15	26	29748	53	148	1687	0	1	150	0.3912	0.2189	0.5	0.0077	0.8667	1	1	2.4216	1.1139	1.415	0.5	-0.1197	0.5593	1	0	0	0	0	0	0
74	90	779144	779308	1506	46	167	180215	53	143	1687	0	1	150	0.0877	0.4261	0.0976	0.0095	0.3478	0.982	1	3.1778	1.2041	2.2148	0.9024	-0.0651	1	1	0	0	0	0	0	0
106	118	813452	813500	442	13	48	50393	76	143	1687	0	1	150	0.1257	0.2326	0.25	0.0071	0.9231	1	1	2.6454	1.0792	1.6812	0.75	-0.1093	0.8612	1	0	0	0	0	0	0
505	515	106604	106668	284	42	69	31062	97	119	1687	0	1	150	0.5987	0.5562	0.1563	0.0059	0.2381	0.9275	1	2.4533	1	1.8062	0.8438	-0.1455	0.9048	1	0	0	0	0	0	0
46	58	179258	179312	480	15	54	61966	102	158	1687	0	1	150	0.0545	0.2593	0.2222	0.0071	0.8	1	1	2.6812	1.0792	1.7324	0.7778	0.0086	0.9093	1	0	0	0	0	0	0
581	590	230644	230704	433	22	60	38917	62	111	1687	0	1	150	0.6888	0.1981	0.15	0.0053	0.4091	1	1	2.6365	0.9542	1.7781	0.85	-0.2978	0.8299	1	0	0	0	0	0	0
451	466	368143	368208	728	30	68	69258	36	133	1687	0	1	150	0.5347	0.2533	0.2308	0.0089	0.5	0.9559	1	2.8621	1.1761	1.8129	0.7692	-0.2568	0.9888	1	0	0	0	0	0	0
669	684	491552	491684	1097	59	133	119540	50	134	1687	0	1	150	0.7931	0.446	0.1136	0.0089	0.2542	0.9925	1	3.0402	1.1761	2.1206	0.8864	-0.1487	1	1	0	0	0	0	0	0
156	192	713788	714056	5044	167	282	570911	11	143	1687	0	1	150	0.1849	0.4772	0.1343	0.0213	0.2156	0.9503	1	3.7028	1.5563	2.4281	0.8657	-0.1157	1	1	0	0	0	0	0	0
90	104	751059	751132	552	38	76	59750	79	134	1687	0	1	150	0.1067	0.4599	0.1918	0.0083	0.3684	0.9605	1	2.7419	1.1461	1.8633	0.8082	-0.1543	0.9918	1	0	0	0	0	0	0
82	89	844704	844729	137	8	25	14907	92	126	1687	0	1	150	0.0972	0.2171	0.28	0.0041	0.875	1	1	2.1367	0.8451	1.3979	0.72	-0.1499	0.2998	1	0	0	0	0	0	0
1601	1613	21349	21376	209	15	27	24807	96	141	1687	0	1	200	0.0877	0.3549	0.4444	0.0071	0.8	1	1	2.3201	1.0792	1.4314	0.5556	-0.0727	0.5362	1	0	0	0	0	0	0
17	28	42683	42717	284	18	34	32604	87	141	1687	0	1	200	0.0202	0.2406	0.3235	0.0065	0.6111	1	1	2.4533	1.0414	1.5315	0.6765	-0.1031	0.6173	1	0	0	0	0	0	0
43	52	86284	86313	153	13	29	17753	101	134	1687	0	1	200	0.051	0.4138	0.3103	0.0053	0.6923	1	1	2.1847	0.9542	1.4624	0.6897	-0.0935	0.4317	1	0	0	0	0	0	0
63	72	115485	115504	106	10	19	13829	107	150	1687	0	1	200	0.0747	0.3801	0.4737	0.0053	0.9	1	1	2.0253	0.9542	1.2787	0.5263	0.0192	0.2942	1	0	0	0	0	0	0
82	92	149044	149083	264	15	39	32175	92	141	1687	0	1	200	0.0972	0.3231	0.2564	0.0059	0.6667	1	1	2.4216	1	1.5911	0.7436	-0.0479	0.6422	1	0	0	0	0	0	0
75	84	184350	184383	201	17	35	27349	123	148	1687	0	1	200	0.0889	0.3232	0.2727	0.0053	0.5294	0.9429	1	2.3032	0.9542	1.5185	0.7273	0.063	0.4913	1	0	0	0	0	0	0
1363	1372	2128884	2128907	171	9	23	16645	77	111	1373	0	1	40	0.0015	0.1739	0.3913	0.0066	1	1	1	2.233	0.9542	1.3617	0.6087	-0.2395	0.3464	1	0	0	0	0	0	0
1358	1372	2356396	2356435	395	19	39	38722	75	118	1373	0	1	40	0.0015	0.2766	0.359	0.0102	0.7368	1	1	2.5966	1.1461	1.5911	0.641	-0.2341	0.8355	1	0	0	0	0	0	0
1404	1410	5202306	5202324	85	9	18	8948	97	119	1627	0	1	40	0.2668	0.213	0.3333	0.0037	0.6667	1	1	1.9294	0.7782	1.2553	0.6667	-0.1776	0.215	1	0	0	0	0	0	0
1281	1302	4332564	4332815	3214	92	253	368381	33	140	1373	0	1	40	0.1034	0.3902	0.0837	0.0153	0.2283	0.9921	1	3.5071	1.3222	2.3997	0.9163	-0.1045	1	1	0	0	0	0	0	0
49	62	4822354	4822392	386	15	38	36875	51	124	1373	0	1	40	0.0714	0.2186	0.3421	0.0095	0.8667	1	1	2.5866	1.1139	1.5798	0.6579	-0.2537	0.7822	1	0	0	0	0	0	0
830	837	1874382	1874415	182	9	33	20751	99	132	1373	0	1	40	0.7808	0.2121	0.2121	0.0051	0.7778	1	1	2.2601	0.8451	1.5185	0.7879	-0.1093	0.3834	1	0	0	0	0	0	0
91	104	2378173	2378236	527	19	63	48793	47	125	1387	0	1	40	0.1312	0.3565	0.2063	0.0094	0.6842	1	1	2.7218	1.1139	1.7993	0.7936	-0.2767	0.9691	1	0	0	0	0	0	0
161	168	2891780	2891804	158	9	24	16680	80	119	1387	0	1	40	0.2322	0.0595	0.2917	0.005	0.7778	1	1	2.1987	0.8451	1.3802	0.7083	-0.1752	0.2901	1	0	0	0	0	0	0
1328	1338	2691161	2691189	214	10	28	19762	70	111	1387	0	1	50	0.0707	0.2357	0.3571	0.0072	1	1	1	2.3304	1	1.4472	0.6429	-0.2785	0.463	1	0	0	0	0	0	0
1251	1274	3874199	3874261	994	29	62	68851	15	119	1387	0	1	50	0.1629	0.3029	0.371	0.0166	0.7931	1	1	2.9974	1.3617	1.7924	0.629	-0.4588	0.9994	1	0	0	0	0	0	0
733	745	3957796	3957839	367	16	43	35856	55	127	1387	0	1	50	0.9257	0.2888	0.2791	0.0087	0.75	1	1	2.5647	1.0792	1.6335	0.7209	-0.2367	0.8061	1	0	0	0	0	0	0
12	24	304433	304472	320	15	39	32705	55	125	1353	0	1	70	0.0177	0.3162	0.3077	0.0089	0.8	1	1	2.5052	1.0792	1.5911	0.6923	-0.2015	0.7512	1	0	0	0	0	0	0
162	172	505964	506035	378	34	72	43323	77	135	1353	0	1	70	0.2395	0.4676	0.1408	0.0074	0.2941	0.9861	1	2.5775	1	1.8513	0.8591	-0.1046	0.9381	1	0	0	0	0	0	0
0	10	1701480	1701528	210	36	48	17413	73	100	1333	0	1	40	0	0.5625	0.2083	0.0075	0.2778	1	1	2.3222	1	1.6812	0.7917	-0.3522	0.7659	1	0	0	0	0	0	0
1617	1629	183688	183711	201	22	23	20993	79	126	1633	0	1	250	0.0049	0.2717	0.5217	0.0074	0.5454	1	1	2.3032	1.0792	1.3617	0.4783	-0.184	0.4564	1	0	0	0	0	0	0
1152	1162	284144	284198	386	35	54	44712	90	132	1687	0	1	200	0.6224	0.2852	0.1852	0.0059	0.2857	1	1	2.5866	1	1.7324	0.8148	-0.095	0.8299	1	0	0	0	0	0	0
1259	1271	1918092	1918128	324	30	36	30269	65	124	1353	0	1	70	0.1212	0.25	0.3333	0.0089	0.4	1	1	2.5106	1.0792	1.5563	0.6667	-0.2701	0.7037	1	0	0	0	0	0	0
1545	1557	19815	19841	234	20	26	23207	66	124	1627	0	1	40	0.086	0.25	0.4615	0.0074	0.6	1	1	2.3692	1.0792	1.415	0.5385	-0.2252	0.5162	1	0	0	0	0	0	0
1580	1590	3884411	3884461	340	30	50	34655	88	116	1627	0	1	40	0.0455	0.32	0.2	0.0061	0.3333	1	1	2.5315	1	1.699	0.8	-0.2037	0.7889	1	0	0	0	0	0	0
450	458	1009978	1009999	98	16	21	10784	96	132	1690	1	0	60	0.5325	0.4167	0.381	0.0047	0.5	1	1	1.9912	0.9031	1.3222	0.6191	-0.1403	0.2901	1	0	0	0	0	0	0
1625	1634	1702442	1702491	267	43	49	22785	67	110	1690	1	0	60	0.0663	0.3946	0.1837	0.0053	0.2093	1	1	2.4265	0.9542	1.6902	0.8163	-0.3333	0.7161	1	0	0	0	0	0	0
1495	1502	3509718	3509731	56	12	13	5587	85	116	1686	1	0	60	0.2183	0.3846	0.5385	0.0041	0.5833	1	1	1.7482	0.8451	1.1139	0.4615	-0.2206	0.1965	1	0	0	0	0	0	0
958	964	3550754	3550771	71	11	17	7502	91	124	1682	1	0	60	0.8537	0.3039	0.3529	0.0036	0.5454	1	1	1.8513	0.7782	1.2305	0.6471	-0.1745	0.2083	1	0	0	0	0	0	0
1536	1548	43036	43048	90	14	12	7525	67	100	1688	1	0	60	0.1659	0.375	1	0.0071	0.8571	1	0.5	1.9542	1.0792	1.0792	0	-0.3468	0.2583	1	0	0	0	0	0	0
780	787	1686880	1686891	55	9	11	6124	95	125	1690	1	0	60	0.9231	0.2857	0.6364	0.0041	0.7778	1	1	1.7404	0.8451	1.0414	0.3636	-0.1301	0.1822	1	0	0	0	0	0	0
1140	1147	2379116	2379129	58	9	13	6567	100	132	1690	1	0	60	0.6426	0.3626	0.5385	0.0041	0.7778	1	1	1.7634	0.8451	1.1139	0.4615	-0.1154	0.1965	1	0	0	0	0	0	0
13	24	2512899	2512965	567	47	66	46365	51	109	1690	1	0	60	0.0154	0.219	0.1667	0.0065	0.234	1	1	2.7536	1.0414	1.8195	0.8333	-0.3611	0.944	1	0	0	0	0	0	0
11	20	2845229	2845256	182	20	27	16337	72	109	1688	1	0	60	0.013	0.251	0.3333	0.0053	0.45	1	1	2.2601	0.9542	1.4314	0.6667	-0.2987	0.4025	1	0	0	0	0	0	0
1589	1599	3826564	3826588	154	20	24	13678	69	108	1650	1	0	69	0.0618	0.3583	0.4167	0.0061	0.5	1	1	2.1875	1	1.3802	0.5833	-0.3061	0.3977	1	0	0	0	0	0	0
765	774	4157586	4157620	188	20	34	20528	95	125	1648	1	0	69	0.9284	0.3856	0.2647	0.0055	0.45	1	1	2.2742	0.9542	1.5315	0.7353	-0.1469	0.5063	1	0	0	0	0	0	0
1166	1185	2258648	2258662	123	33	17	15858	116	143	1708	1	0	100	0.6124	0.5376	0.7368	0.0111	0.5758	0.8235	0	2.0899	1.2787	1.1461	-0.2632	0.0072	0.4399	0	1	0	0	0	0	0
7	19	21512	21518	56	13	6	6632	108	132	1354	1	0	70	0.0103	0.2222	0.5	0.0089	0.9231	1	0	1.7482	1.0792	0.7782	-0.5	-0.0748	0.1773	0	1	0	0	0	0	0
37	53	50442	50467	226	33	31	25563	100	132	1354	1	0	70	0.0547	0.435	0.64	0.0118	0.4848	0.8065	1	2.3541	1.2041	1.3979	0.36	-0.1163	0.6574	0	1	0	0	0	0	0
39	51	66522	66578	436	41	56	39043	71	117	1354	1	0	70	0.0576	0.3512	0.2143	0.0089	0.2927	1	1	2.6395	1.0792	1.7482	0.7857	-0.3004	0.9216	0	1	0	0	0	0	0
193	205	82308	82319	84	19	11	9155	99	118	1354	1	0	70	0.2851	0.3636	0.9167	0.0089	0.6316	1	0	1.9243	1.0792	1.0414	-0.0833	-0.1485	0.2432	0	1	0	0	0	0	0
145	159	102099	102111	63	20	15	7752	109	140	1354	1	0	70	0.2142	0.625	0.8571	0.0103	0.7	0.8	0	1.7993	1.1461	1.0792	-0.1429	-0.0387	0.2901	0	1	0	0	0	0	0
39	60	118073	118242	1590	143	172	154035	80	116	1354	1	0	70	0.0576	0.552	0.1243	0.0155	0.1469	0.9826	1	3.2014	1.3222	2.2279	0.8757	-0.2431	1	0	1	0	0	0	0	0
141	182	133683	133829	2267	201	161	248809	96	127	1354	1	0	70	0.2083	0.6213	0.2808	0.0303	0.204	0.9068	1	3.3554	1.6128	2.1644	0.7192	-0.1426	1	0	1	0	0	0	0	0
68	103	149046	149092	521	90	54	62926	104	135	1354	1	0	70	0.1004	0.6764	0.7609	0.0258	0.3889	0.8518	1	2.7168	1.5441	1.6628	0.2391	-0.0564	0.9998	0	1	0	0	0	0	0
81	94	162885	162940	395	54	59	41476	92	127	1356	1	0	70	0.1195	0.4475	0.2364	0.0096	0.2407	0.9322	1	2.5966	1.1139	1.7404	0.7636	-0.1797	0.94	0	1	0	0	0	0	0
0	17	177337	177387	353	53	56	32335	79	118	1352	1	0	70	0	0.5847	0.34	0.0126	0.3207	0.8929	1	2.5478	1.2305	1.699	0.66	-0.2844	0.9747	0	1	0	0	0	0	0
94	106	190885	190920	205	33	36	22913	98	125	1354	1	0	70	0.1389	0.5119	0.3429	0.0089	0.3636	0.9722	1	2.3117	1.0792	1.5441	0.6571	-0.1268	0.6868	0	1	0	0	0	0	0
10	21	204933	204953	135	16	23	8781	46	86	1356	1	0	70	0.0148	0.3864	0.55	0.0081	0.6875	0.8696	1	2.1303	1.0414	1.301	0.45	-0.4918	0.3663	0	1	0	0	0	0	0
3	15	221100	221142	294	35	42	20642	47	95	1356	1	0	70	0.0044	0.4167	0.2857	0.0088	0.3429	1	1	2.4683	1.0792	1.6233	0.7143	-0.4515	0.7933	0	1	0	0	0	0	0
16	24	240377	240390	71	12	13	6820	86	110	1356	1	0	70	0.0236	0.3173	0.6154	0.0059	0.6667	1	1	1.8513	0.9031	1.1139	0.3846	-0.2496	0.2105	0	1	0	0	0	0	0
144	150	254652	254670	56	16	19	6593	109	126	1354	1	0	70	0.2127	0.4815	0.3333	0.0044	0.375	0.9474	1	1.7482	0.7782	1.2553	0.6667	-0.0802	0.215	0	1	0	0	0	0	0
30	39	274230	274244	54	17	15	5912	97	132	1354	1	0	70	0.0443	0.5714	0.6429	0.0066	0.5294	0.9333	1	1.7324	0.9542	1.1461	0.3571	-0.1447	0.2359	0	1	0	0	0	0	0
63	82	287835	287869	400	49	42	35427	78	101	1356	1	0	70	0.0929	0.3808	0.5588	0.014	0.3878	0.8095	1	2.6021	1.2787	1.5315	0.4412	-0.3081	0.9082	0	1	0	0	0	0	0
166	174	303149	303167	82	22	21	9467	105	127	1358	1	0	70	0.2445	0.4306	0.4444	0.0059	0.3636	0.8571	1	1.9138	0.9031	1.2553	0.5556	-0.098	0.2583	0	1	0	0	0	0	0
158	168	319303	319317	69	14	14	7659	98	125	1358	1	0	70	0.2327	0.5071	0.7143	0.0074	0.7143	1	1	1.8389	1	1.1461	0.2857	-0.1328	0.2532	0	1	0	0	0	0	0
174	194	334304	334316	114	38	21	13595	106	134	1354	1	0	70	0.257	0.525	0.6	0.0148	0.5263	0.5714	0	2.0569	1.301	1.0792	-0.4	-0.0683	0.3977	0	1	0	0	0	0	0
513	529	350481	350500	158	28	19	15719	89	111	1354	1	0	70	0.7577	0.4803	0.8421	0.0118	0.5714	1	1	2.1987	1.2041	1.2787	0.1579	-0.2228	0.5029	0	1	0	0	0	0	0
25	37	362724	362736	57	15	12	4557	70	93	1354	1	0	70	0.0369	0.6042	1	0.0089	0.8	1	0.5	1.7559	1.0792	1.0792	0	-0.3754	0.2583	0	1	0	0	0	0	0
9	18	374580	374591	74	15	11	4347	36	84	1356	1	0	70	0.0133	0.2525	0.8182	0.0066	0.6	1	1	1.8692	0.9542	1.0414	0.1818	-0.5411	0.2051	0	1	0	0	0	0	0
185	199	387402	387414	75	23	12	8535	104	127	1356	1	0	70	0.2729	0.5536	0.8571	0.0103	0.6087	1	0	1.8751	1.1461	1.0792	-0.1429	-0.1109	0.2901	0	1	0	0	0	0	0
134	156	411630	411717	787	94	94	85268	94	124	1356	1	0	70	0.1976	0.5888	0.2529	0.0162	0.234	0.9255	1	2.896	1.3424	1.9395	0.7471	-0.1535	1	0	1	0	0	0	0	0
81	216	425023	425176	5027	748	403	611544	93	143	1358	1	0	70	0.1193	0.7566	0.8824	0.0994	0.1805	0.3796	1	3.7013	2.1303	2.1847	0.1177	-0.0496	1	0	1	0	0	0	0	0
385	408	439180	439212	353	65	40	34230	84	111	1356	1	0	70	0.5678	0.5204	0.7188	0.017	0.3539	0.8	1	2.5478	1.3617	1.5051	0.2813	-0.2424	0.9474	0	1	0	0	0	0	0
34	42	451067	451079	59	13	12	5608	85	103	1354	1	0	70	0.0502	0.3854	0.6667	0.0059	0.6154	1	1	1.7708	0.9031	1.0792	0.3333	-0.2574	0.2018	0	1	0	0	0	0	0
1147	1160	463836	463848	74	19	13	8915	109	132	1354	1	0	70	0.2866	0.5256	0.9231	0.0096	0.6842	0.9231	0	1.8692	1.1139	1.0792	-0.0769	-0.0588	0.2739	0	1	0	0	0	0	0
260	272	477075	477082	55	12	7	6106	101	124	1356	1	0	70	0.3835	0.3452	0.5833	0.0088	1	1	0	1.7404	1.0792	0.8451	-0.4167	-0.1327	0.1892	0	1	0	0	0	0	0
1	16	494893	494946	397	50	56	21964	33	84	1354	1	0	70	0.0015	0.5006	0.283	0.0111	0.3	0.9464	1	2.5988	1.1761	1.7243	0.717	-0.5678	0.9639	0	1	0	0	0	0	0
225	244	506783	506794	123	28	16	13148	95	118	1356	1	0	70	0.3319	0.4115	0.5789	0.014	0.6786	0.6875	0	2.0899	1.2787	1.0414	-0.4211	-0.1649	0.3494	0	1	0	0	0	0	0
369	380	518261	518272	78	24	12	8388	95	119	1356	1	0	70	0.5443	0.3554	1	0.0081	0.4583	0.9167	0.5	1.8921	1.0414	1.0414	0	-0.1599	0.23	0	1	0	0	0	0	0
436	442	530968	530985	63	17	17	6374	90	116	1356	1	0	70	0.6431	0.3823	0.3529	0.0044	0.3529	1	1	1.7993	0.7782	1.2305	0.6471	-0.2096	0.2083	0	1	0	0	0	0	0
506	519	548929	548953	170	28	25	20000	105	126	1356	1	0	70	0.7463	0.4551	0.5417	0.0096	0.4643	0.96	1	2.2304	1.1139	1.3802	0.4583	-0.0809	0.5162	0	1	0	0	0	0	0
109	121	560425	560445	124	18	20	13549	97	124	1352	1	0	70	0.1612	0.4833	0.6	0.0089	0.6667	1	1	2.0934	1.0792	1.301	0.4	-0.1464	0.3977	0	1	0	0	0	0	0
49	71	573049	573118	884	106	98	83716	77	118	1356	1	0	70	0.0723	0.4177	0.3188	0.0162	0.2076	0.7041	1	2.9464	1.3424	1.8389	0.6812	-0.2601	0.9997	0	1	0	0	0	0	0
51	61	585861	585888	139	21	27	8233	40	78	1356	1	0	70	0.0752	0.4852	0.3704	0.0074	0.4762	1	1	2.143	1	1.4314	0.6296	-0.5373	0.4465	0	1	0	0	0	0	0
397	415	604478	604528	444	58	50	51661	97	134	1358	1	0	70	0.5847	0.5067	0.36	0.0132	0.3103	1	1	2.6474	1.2553	1.699	0.64	-0.091	0.9818	0	1	0	0	0	0	0
703	718	618132	618148	112	23	17	11154	87	111	1356	1	0	70	0.941	0.5333	0.9375	0.0111	0.6522	0.9412	1	2.0492	1.1761	1.2041	0.0625	-0.222	0.3977	0	1	0	0	0	0	0
405	416	634279	634288	71	15	10	8824	113	135	1358	1	0	70	0.5965	0.2828	0.8182	0.0081	0.7333	0.9	0	1.8513	1.0414	0.9542	-0.1818	-0.0291	0.2051	0	1	0	0	0	0	0
135	142	646729	646749	77	15	20	8235	97	124	1356	1	0	70	0.1991	0.45	0.35	0.0052	0.4667	1	1	1.8865	0.8451	1.301	0.65	-0.1645	0.2532	0	1	0	0	0	0	0
0	14	677297	677417	812	93	120	60260	51	93	1358	1	0	70	0	0.5167	0.1167	0.0103	0.1505	1	1	2.9096	1.1461	2.0792	0.8833	-0.4202	0.9999	0	1	0	0	0	0	0
10	42	697885	698089	2904	197	207	145129	22	86	1358	1	0	70	0.0147	0.5551	0.1569	0.0236	0.1624	0.9855	1	3.463	1.5051	2.3096	0.8431	-0.6096	1	0	1	0	0	0	0	0
10	32	718425	718521	964	106	103	53750	29	84	1356	1	0	70	0.0148	0.5436	0.2292	0.0162	0.2076	0.932	1	2.9841	1.3424	1.9823	0.7708	-0.5644	1	0	1	0	0	0	0	0
8	31	751592	751656	521	61	67	31515	43	78	1358	1	0	70	0.0118	0.6461	0.3594	0.0169	0.3771	0.9552	1	2.7168	1.3617	1.8062	0.6406	-0.5274	0.9996	0	1	0	0	0	0	0
216	250	763872	763947	938	117	94	110127	102	133	1356	1	0	70	0.3186	0.6322	0.4533	0.0251	0.2906	0.7979	1	2.9722	1.5315	1.8751	0.5467	-0.0828	1	0	1	0	0	0	0	0
34	139	776120	776424	4315	470	380	479002	82	148	1354	1	0	70	0.0502	0.8648	0.3454	0.0776	0.2234	0.8	1	3.635	2.0212	2.4829	0.6546	-0.1328	1	0	1	0	0	0	0	0
226	249	791161	791249	995	70	90	110993	95	133	1354	1	0	70	0.3338	0.5084	0.2614	0.017	0.3286	0.9778	1	2.9978	1.3617	1.9445	0.7386	-0.1285	1	0	1	0	0	0	0	0
174	194	802771	802822	585	101	56	63194	96	125	1352	1	0	70	0.2574	0.4265	0.3922	0.0148	0.198	0.9107	1	2.7672	1.301	1.7076	0.6078	-0.1561	0.9917	0	1	0	0	0	0	0
0	37	814236	814627	7292	466	536	608995	43	108	1352	1	0	70	0	0.496	0.0946	0.0274	0.0794	0.7295	1	3.8628	1.5682	2.5922	0.9054	-0.3475	1	0	1	0	0	0	0	0
2	27	830707	830795	1014	96	102	61231	40	79	1356	1	0	70	0.003	0.5391	0.2841	0.0184	0.2604	0.8627	1	3.006	1.3979	1.9445	0.7159	-0.5282	1	0	1	0	0	0	0	0
161	193	851460	851553	1784	90	99	202537	95	135	1354	1	0	70	0.2378	0.4005	0.3441	0.0236	0.3556	0.9394	1	3.2514	1.5051	1.9685	0.6559	-0.113	1	0	1	0	0	0	0	0
123	143	874488	874545	573	67	62	60005	90	126	1354	1	0	70	0.1817	0.4974	0.3509	0.0148	0.2985	0.9194	1	2.7582	1.301	1.7559	0.6491	-0.1819	0.9963	0	1	0	0	0	0	0
464	474	28542	28553	72	13	12	13094	168	198	1387	0	1	40	0.6691	0.3455	0.9091	0.0072	0.7692	0.9167	1	1.8573	1	1.0414	0.0909	0.4208	0.2173	0	0	1	0	0	0	0
853	861	31984	31995	66	9	11	12872	178	207	1387	0	1	40	0.7585	0.25	0.7273	0.0058	0.8889	1	1	1.8195	0.9031	1.0414	0.2727	0.5237	0.1934	0	0	1	0	0	0	0
0	9	35152	35164	61	10	12	10855	168	189	1387	0	1	40	0	0.4352	0.75	0.0065	0.9	1	1	1.7853	0.9542	1.0792	0.25	0.3902	0.215	0	0	1	0	0	0	0
816	824	40184	40195	75	8	11	14016	157	206	1387	0	1	40	0.8118	0.1477	0.7273	0.0058	1	1	1	1.8751	0.9031	1.0414	0.2727	0.46	0.1934	0	0	1	0	0	0	0
827	843	48480	48539	443	56	60	79713	77	221	1387	0	1	40	0.7844	0.5307	0.2712	0.0115	0.2857	0.9833	1	2.6464	1.2041	1.7708	0.7288	0.4058	0.9863	0	0	1	0	0	0	0
1059	1069	117715	117724	76	10	9	15483	195	213	1387	0	1	40	0.4585	0.1556	0.9	0.0072	1	1	0	1.8808	1	0.9542	-0.1	0.5916	0.1954	0	0	1	0	0	0	0
259	272	125025	125040	150	13	15	28697	172	212	1387	0	1	40	0.3735	0.2308	0.8667	0.0094	1	1	1	2.1761	1.1139	1.1761	0.1333	0.4946	0.3285	0	0	1	0	0	0	0
853	872	135196	135298	892	59	104	181730	68	236	1387	0	1	40	0.7426	0.5397	0.1863	0.0137	0.322	0.9808	1	2.9504	1.2787	2.0086	0.8137	0.5917	1	0	0	1	0	0	0	0
570	585	155584	155593	74	16	11	15069	196	210	1387	0	1	40	0.8219	0.4518	0.6	0.0108	0.9375	0.8182	0	1.8692	1.1761	0.9542	-0.4	0.5909	0.2469	0	0	1	0	0	0	0
732	750	177076	177087	136	18	11	27180	192	207	1387	0	1	40	0.9185	0.3131	0.6111	0.013	1	1	0	2.1335	1.2553	1.0414	-0.3889	0.5613	0.3329	0	0	1	0	0	0	0
1084	1097	185575	185588	108	16	17	21840	195	212	1387	0	1	40	0.4182	0.3609	1	0.0094	0.8125	0.7647	0.5	2.0334	1.1139	1.1139	0	0.5799	0.2914	0	0	1	0	0	0	0
1212	1220	198764	198776	74	12	12	13025	163	188	1387	0	1	40	0.2408	0.2292	0.6667	0.0058	0.6667	1	1	1.8692	0.9031	1.0792	0.3333	0.3751	0.2018	0	0	1	0	0	0	0
857	865	211983	211993	52	8	10	9968	178	207	1387	0	1	40	0.7527	0.35	0.8	0.0058	1	1	1	1.716	0.9031	1	0.2	0.4976	0.1852	0	0	1	0	0	0	0
852	860	222646	222657	69	8	11	13099	164	205	1387	0	1	40	0.7599	0.2159	0.7273	0.0058	1	1	1	1.8389	0.9031	1.0414	0.2727	0.4831	0.1934	0	0	1	0	0	0	0
141	148	236266	236280	60	8	14	11189	178	198	1387	0	1	40	0.2033	0.3878	0.5	0.005	0.875	1	1	1.7781	0.8451	1.1461	0.5	0.4569	0.204	0	0	1	0	0	0	0
716	723	251869	251880	68	8	11	12624	177	191	1387	0	1	40	0.9575	0.1169	0.6364	0.005	0.875	1	1	1.8325	0.8451	1.0414	0.3636	0.4504	0.1822	0	0	1	0	0	0	0
1220	1228	270702	270711	70	8	9	11255	143	174	1387	0	1	40	0.2293	0.0278	0.8889	0.0058	1	1	1	1.8451	0.9031	0.9542	0.1111	0.2561	0.1773	0	0	1	0	0	0	0
1028	1052	365905	365932	504	24	27	69672	48	189	1387	0	1	40	0.4831	0.2222	0.8889	0.0173	1	1	1	2.7024	1.3802	1.4314	0.1111	0.08	0.9093	0	0	1	0	0	0	0
4	16	394965	394980	140	12	15	20974	118	174	1387	0	1	40	0.0058	0.2222	0.8	0.0087	1	1	1	2.1461	1.0792	1.1761	0.2	0.1704	0.3068	0	0	1	0	0	0	0
867	878	419960	419973	108	11	13	17174	123	181	1387	0	1	40	0.734	0.2448	0.8461	0.0079	1	1	1	2.0334	1.0414	1.1139	0.1539	0.2423	0.257	0	0	1	0	0	0	0
1279	1288	435870	435883	96	9	13	14369	128	164	1387	0	1	40	0.1427	0.1795	0.6923	0.0065	1	1	1	1.9823	0.9542	1.1139	0.3077	0.1693	0.2253	0	0	1	0	0	0	0
951	961	494451	494461	81	11	10	13311	141	182	1387	0	1	40	0.6143	0.19	1	0.0072	0.9091	1	0.5	1.9085	1	1	0	0.2839	0.2061	0	0	1	0	0	0	0
945	956	508640	508650	85	12	10	14041	139	181	1387	0	1	40	0.6215	0.2273	0.9091	0.0079	0.9167	1	0	1.9294	1.0414	1	-0.0909	0.2905	0.2173	0	0	1	0	0	0	0
856	864	519257	519266	57	10	11	9848	161	183	1387	0	1	40	0.7541	0.2083	0.8889	0.0058	0.8	0.8182	1	1.7559	0.9031	0.9542	0.1111	0.3498	0.1773	0	0	1	0	0	0	0
925	934	552377	552388	75	9	11	12593	150	180	1387	0	1	40	0.6532	0.2424	0.8182	0.0065	1	1	1	1.8751	0.9542	1.0414	0.1818	0.3118	0.2051	0	0	1	0	0	0	0
919	930	561832	561842	88	11	10	14538	134	183	1387	0	1	40	0.659	0.2	0.9091	0.0079	1	1	0	1.9445	1.0414	1	-0.0909	0.2907	0.2173	0	0	1	0	0	0	0
919	928	578380	578392	88	10	13	14808	148	182	1387	0	1	40	0.6619	0.1852	0.75	0.0065	0.9	0.9231	1	1.9445	0.9542	1.0792	0.25	0.3146	0.215	0	0	1	0	0	0	0
933	940	612662	612672	52	9	10	8857	161	182	1387	0	1	40	0.6446	0.2571	0.7	0.005	0.7778	1	1	1.716	0.8451	1	0.3	0.3307	0.1753	0	0	1	0	0	0	0
936	942	625664	625675	52	9	11	8801	159	181	1387	0	1	40	0.6417	0.2121	0.5454	0.0043	0.6667	1	1	1.716	0.7782	1.0414	0.4545	0.3223	0.1715	0	0	1	0	0	0	0
936	944	639848	639857	65	9	9	11132	161	182	1387	0	1	40	0.6388	0.0972	0.8889	0.0058	0.8889	1	1	1.8129	0.9031	0.9542	0.1111	0.338	0.1773	0	0	1	0	0	0	0
926	935	675316	675327	63	9	11	10518	156	180	1387	0	1	40	0.6518	0.3636	0.8182	0.0065	1	1	1	1.7993	0.9542	1.0414	0.1818	0.3043	0.2051	0	0	1	0	0	0	0
897	907	898704	898715	101	11	11	16760	148	182	1387	0	1	40	0.6921	0.0818	0.9091	0.0072	0.9091	1	1	2.0043	1	1.0414	0.0909	0.2964	0.2173	0	0	1	0	0	0	0
892	903	908164	908176	92	12	12	14703	128	175	1387	0	1	40	0.6979	0.303	0.9167	0.0079	0.9167	1	1	1.9638	1.0414	1.0792	0.0833	0.2486	0.2432	0	0	1	0	0	0	0
824	832	928256	928264	53	9	8	9033	158	181	1387	0	1	40	0.8003	0.1719	1	0.0058	0.8889	1	0.5	1.7243	0.9031	0.9031	0	0.3315	0.1696	0	0	1	0	0	0	0
732	793	78207	78276	2358	104	101	233778	49	124	1387	0	1	40	0.8565	0.4398	0.8841	0.044	0.5865	0.6832	1	3.3725	1.7853	1.8389	0.1159	-0.2254	1	0	0	1	0	0	0	0
367	440	795618	795659	2108	80	61	175110	6	119	1387	0	1	40	0.5292	0.2957	0.5616	0.0526	0.9125	0.6721	0	3.3239	1.8633	1.6128	-0.4384	-0.351	1	0	0	1	0	0	0	0
476	490	13302	13320	227	14	18	21216	36	127	1373	0	1	40	0.6934	0.0992	0.7778	0.0102	1	1	1	2.356	1.1461	1.2553	0.2222	-0.2698	0.417	0	0	1	0	0	0	0
498	515	31041	31058	231	17	17	21639	33	127	1373	0	1	40	0.7254	0.2007	1	0.0124	1	1	0.5	2.3636	1.2305	1.2305	0	-0.2682	0.4779	0	0	1	0	0	0	0
1147	1162	41184	41201	194	16	17	19202	68	124	1373	0	1	40	0.3074	0.2392	0.8824	0.0109	0.9375	1	1	2.2878	1.1761	1.2305	0.1177	-0.2267	0.4219	0	0	1	0	0	0	0
489	504	55547	55568	247	17	21	23671	43	129	1373	0	1	40	0.7123	0.2159	0.7143	0.0109	0.8824	1	1	2.3927	1.1761	1.3222	0.2857	-0.2513	0.5212	0	0	1	0	0	0	0
236	249	64701	64720	175	13	19	18625	61	126	1373	0	1	40	0.3438	0.2915	0.6842	0.0095	1	1	1	2.243	1.1139	1.2787	0.3158	-0.1685	0.4089	0	0	1	0	0	0	0
1314	1333	3149494	3149542	566	28	49	49867	70	103	1387	0	1	40	0.0779	0.3794	0.3958	0.0137	0.6786	0.9796	1	2.7528	1.2787	1.6812	0.6042	-0.3117	0.9831	0	0	1	0	0	0	0
1614	1638	676623	676657	655	33	35	49303	54	93	1687	1	0	80	0.0581	0.1973	0.7059	0.0142	0.7273	0.9714	1	2.8162	1.3802	1.5315	0.2941	-0.4119	0.9685	0	0	1	0	0	0	0
19	169	4197607	4215748	152655	10449	18152	11591414	0	156	1336	0	1	40	0.0284	0.9439	0.0083	0.1123	0.0144	0.9994	1	5.1837	2.1761	4.2587	0.9917	-0.4068	1	0	0	1	0	0	0	0
0	230	308503	308712	25323	1022	593	3037459	24	148	1400	0	1	40	0	0.4732	0.9087	0.1643	0.2251	0.3525	0	4.4035	2.3617	2.3201	-0.0913	-0.0629	1	0	0	1	0	0	0	0
3	223	333373	333576	21110	1138	597	2554885	21	148	1402	0	1	40	0.0043	0.5273	0.9227	0.1569	0.1933	0.34	0	4.3245	2.3424	2.3075	-0.0773	-0.0545	1	0	0	1	0	0	0	0
0	225	344016	344225	25473	992	578	3061597	23	148	1400	0	1	40	0	0.4583	0.9289	0.1607	0.2268	0.3616	0	4.4061	2.3522	2.3201	-0.0711	-0.061	1	0	0	1	0	0	0	0
0	436	407936	408170	24365	1084	680	2935414	22	143	1404	0	1	40	0	0.7612	0.5367	0.3105	0.4022	0.3441	0	4.3868	2.6395	2.3692	-0.4633	-0.0588	1	0	0	1	0	0	0	0
0	224	418600	418798	20894	1169	712	2529140	18	143	1398	0	1	40	0	0.5289	0.8839	0.1602	0.1916	0.2781	0	4.32	2.3503	2.2967	-0.1161	-0.0543	1	0	0	1	0	0	0	0
0	828	468317	468520	20726	1193	709	2499819	25	143	1402	0	1	40	0	0.8767	0.2452	0.5906	0.6941	0.2863	0	4.3165	2.918	2.3075	-0.7548	-0.0577	1	0	0	1	0	0	0	0
1	222	486069	486291	22554	999	605	2712104	27	150	1400	0	1	40	0.0014	0.5403	0.9955	0.1579	0.2212	0.3669	1	4.3532	2.3444	2.3463	0.0045	-0.0606	1	0	0	1	0	0	0	0
0	223	500276	500482	21987	1050	684	2638402	21	143	1398	0	1	40	0	0.5214	0.9238	0.1595	0.2124	0.3012	0	4.3422	2.3483	2.3139	-0.0762	-0.0625	1	0	0	1	0	0	0	0
0	384	510931	511150	21036	1015	586	2519511	24	143	1402	0	1	40	0	0.7499	0.5703	0.2739	0.3783	0.3737	0	4.323	2.5843	2.3404	-0.4297	-0.0643	1	0	0	1	0	0	0	0
41	218	553549	553733	16759	729	433	2020624	24	143	1402	0	1	40	0.0585	0.4854	0.962	0.1262	0.2428	0.4249	1	4.2242	2.248	2.2648	0.038	-0.058	1	0	0	1	0	0	0	0
414	438	2887460	2887476	263	29	17	30104	87	134	1358	0	1	40	0.6097	0.3151	0.6667	0.0177	0.8276	0.9412	0	2.42	1.3802	1.2041	-0.3333	-0.1058	0.633	0	0	1	0	0	0	0
1002	1027	155255	155262	62	31	9	7479	114	132	1360	1	0	100	0.4897	0.6457	0.28	0.0184	0.8065	0.7778	0	1.7924	1.3979	0.8451	-0.72	-0.0576	0.2998	0	0	0	1	0	0	0
1145	1152	1083340	1083344	22	7	4	2871	116	148	1358	0	1	50	0.3034	0.2143	0.5714	0.0052	1	1	0	1.3424	0.8451	0.6021	-0.4286	0.0195	0.1384	0	0	0	1	0	0	0
570	579	1162279	1162292	86	17	13	9819	100	125	1358	0	1	50	0.8395	0.265	0.6923	0.0066	0.5294	1	1	1.9345	0.9542	1.1139	0.3077	-0.108	0.2253	0	0	0	1	0	0	0
1179	1191	1223690	1223696	42	14	7	5558	127	140	1360	0	1	50	0.2485	0.4167	0.5	0.0088	0.8571	0.8571	0	1.6233	1.0792	0.7782	-0.5	0.0338	0.1773	0	0	0	1	0	0	0
955	960	1260440	1260444	17	6	4	2246	120	149	1360	0	1	50	0.5882	0.15	0.8	0.0037	0.8333	1	0	1.2305	0.699	0.6021	-0.2	0.0322	0.1322	0	0	0	1	0	0	0
581	589	1273552	1273556	18	9	5	2274	110	141	1362	0	1	50	0.8532	0.4375	0.5	0.0059	0.8889	0.8	0	1.2553	0.9031	0.6021	-0.5	-0.013	0.1417	0	0	0	1	0	0	0
778	782	1292292	1292296	12	4	4	1537	112	149	1360	0	1	50	0.85	0.25	1	0.0029	1	1	0.5	1.0792	0.6021	0.6021	0	0.0007	0.1292	0	0	0	1	0	0	0
977	981	1311529	1311535	12	5	6	1563	125	143	1358	0	1	50	0.5552	0.5	0.6667	0.003	0.8	1	1	1.0792	0.6021	0.7782	0.3333	0.0176	0.1353	0	0	0	1	0	0	0
604	608	1322072	1322076	12	4	4	1543	110	140	1358	0	1	50	0.8895	0.25	1	0.003	1	1	0.5	1.0792	0.6021	0.6021	0	0.0046	0.1292	0	0	0	1	0	0	0
1254	1259	1333074	1333079	12	5	5	1528	115	141	1358	0	1	50	0.1458	0.52	1	0.0037	1	1	0.5	1.0792	0.699	0.699	0	-0.0052	0.1361	0	0	0	1	0	0	0
799	804	1341292	1341296	12	5	4	1504	111	140	1360	0	1	50	0.8177	0.4	0.8	0.0037	1	1	0	1.0792	0.699	0.6021	-0.2	-0.0208	0.1322	0	0	0	1	0	0	0
1209	1218	1351649	1351652	14	10	4	1808	122	136	1356	0	1	50	0.2035	0.4815	0.3333	0.0066	0.9	0.75	0	1.1461	0.9542	0.4771	-0.6667	0.0089	0.1376	0	0	0	1	0	0	0
402	408	1361745	1361748	12	6	3	1541	111	142	1358	0	1	50	0.5921	0.3333	0.5	0.0044	1	1	0	1.0792	0.7782	0.4771	-0.5	0.0033	0.1307	0	0	0	1	0	0	0
752	759	1378585	1378588	15	7	3	1923	123	141	1360	0	1	50	0.8838	0.2857	0.4286	0.0052	1	1	0	1.1761	0.8451	0.4771	-0.5714	0.0016	0.133	0	0	0	1	0	0	0
621	627	1388036	1388039	12	6	3	1539	113	141	1358	0	1	50	0.9146	0.3333	0.5	0.0044	1	1	0	1.0792	0.7782	0.4771	-0.5	0.0019	0.1307	0	0	0	1	0	0	0
615	625	1398169	1398179	65	12	10	7104	89	126	1358	0	1	50	0.9057	0.35	1	0.0074	0.8333	1	0.5	1.8129	1	1	0	-0.1461	0.2061	0	0	0	1	0	0	0
1217	1225	1413272	1413276	12	9	4	1509	112	143	1358	0	1	50	0.1959	0.625	0.5	0.0059	0.8889	1	0	1.0792	0.9031	0.6021	-0.5	-0.0176	0.1417	0	0	0	1	0	0	0
1196	1201	1423992	1423996	12	6	4	1585	128	141	1358	0	1	50	0.2312	0.4	0.8	0.0037	0.8333	1	0	1.0792	0.699	0.6021	-0.2	0.0319	0.1322	0	0	0	1	0	0	0
772	777	1436089	1436092	11	5	3	1398	111	135	1358	0	1	50	0.8557	0.2667	0.6	0.0037	1	1	0	1.0414	0.699	0.4771	-0.4	-0.0071	0.1284	0	0	0	1	0	0	0
425	430	1444004	1444009	17	6	5	2181	122	132	1358	0	1	50	0.6259	0.32	1	0.0037	0.8333	1	0.5	1.2305	0.699	0.699	0	0.0023	0.1361	0	0	0	1	0	0	0
584	590	83249	83253	15	6	4	1522	90	118	1358	0	1	50	0.8601	0.375	0.6667	0.0044	1	1	0	1.1761	0.7782	0.6021	-0.3333	-0.2073	0.1353	0	0	0	1	0	0	0
852	856	134988	134992	12	6	4	1335	99	127	1358	0	1	50	0.7393	0.25	1	0.003	0.6667	1	0.5	1.0792	0.6021	0.6021	0	-0.1309	0.1292	0	0	0	1	0	0	0
1035	1040	156370	156373	9	5	4	1063	107	126	1358	0	1	50	0.4683	0.4	0.6	0.0037	1	0.75	0	0.9542	0.699	0.4771	-0.4	-0.0773	0.1284	0	0	0	1	0	0	0
1182	1185	171874	171878	8	3	4	958	108	135	1362	0	1	50	0.2599	0.3333	0.75	0.0022	1	1	1	0.9031	0.4771	0.6021	0.25	-0.0645	0.1262	0	0	0	1	0	0	0
804	808	192327	192330	8	4	3	950	105	127	1360	0	1	50	0.8118	0.3333	0.75	0.0029	1	1	0	0.9031	0.6021	0.4771	-0.25	-0.0723	0.1262	0	0	0	1	0	0	0
517	521	203197	203200	9	4	4	1059	107	132	1360	0	1	50	0.7603	0.25	0.75	0.0029	1	0.75	0	0.9542	0.6021	0.4771	-0.25	-0.0807	0.1262	0	0	0	1	0	0	0
1229	1232	224240	224243	6	3	3	718	107	140	1358	0	1	50	0.1856	0.3333	1	0.0022	1	1	0.5	0.7782	0.4771	0.4771	0	-0.0651	0.124	0	0	0	1	0	0	0
855	861	237729	237731	6	6	2	775	118	136	1358	0	1	50	0.732	0.5	0.3333	0.0044	1	1	0	0.7782	0.7782	0.301	-0.6667	0.0091	0.1262	0	0	0	1	0	0	0
1291	1295	249736	249740	10	4	5	1233	119	132	1358	0	1	50	0.0928	0.375	1	0.003	1	0.8	0.5	1	0.6021	0.6021	0	-0.0367	0.1292	0	0	0	1	0	0	0
805	813	273908	273912	16	8	4	2121	114	148	1358	0	1	50	0.8026	0.5	0.5	0.0059	1	1	0	1.2041	0.9031	0.6021	-0.5	0.0356	0.1417	0	0	0	1	0	0	0
321	328	294032	294036	17	7	4	2183	121	135	1358	0	1	50	0.4728	0.3929	0.5714	0.0052	1	1	0	1.2305	0.8451	0.6021	-0.4286	0.0032	0.1384	0	0	0	1	0	0	0
323	334	367324	367330	28	11	7	3576	120	135	1358	0	1	50	0.4757	0.5758	0.5454	0.0081	1	0.8571	0	1.4472	1.0414	0.7782	-0.4545	-0.0022	0.1715	0	0	0	1	0	0	0
617	624	450379	450383	16	7	4	2042	114	140	1358	0	1	50	0.9087	0.4286	0.5714	0.0052	1	1	0	1.2041	0.8451	0.6021	-0.4286	-0.0029	0.1384	0	0	0	1	0	0	0
647	667	483796	483808	67	23	13	7595	92	132	1360	0	1	50	0.9515	0.7208	0.6	0.0147	0.8696	0.9231	0	1.8261	1.301	1.0792	-0.4	-0.1144	0.3977	0	0	0	1	0	0	0
805	811	598090	598094	16	6	4	2034	110	140	1360	0	1	50	0.8073	0.3333	0.6667	0.0044	1	1	0	1.2041	0.7782	0.6021	-0.3333	-0.0068	0.1353	0	0	0	1	0	0	0
475	482	626952	626956	18	7	4	2319	112	140	1360	0	1	50	0.6985	0.3571	0.5714	0.0052	1	1	0	1.2553	0.8451	0.6021	-0.4286	0.0065	0.1384	0	0	0	1	0	0	0
321	329	679386	679391	17	12	5	2193	121	140	1358	0	1	50	0.4728	0.575	0.625	0.0059	0.6667	1	0	1.2305	0.9031	0.699	-0.375	0.0078	0.1483	0	0	0	1	0	0	0
696	706	762234	762239	26	13	7	3330	120	140	1358	0	1	50	0.9602	0.48	0.5	0.0074	0.7692	0.7143	0	1.415	1	0.699	-0.5	0.0006	0.1569	0	0	0	1	0	0	0
1241	1248	796972	796976	18	7	5	2318	122	141	1356	0	1	50	0.1593	0.3571	0.5714	0.0052	1	0.8	0	1.2553	0.8451	0.6021	-0.4286	0.0061	0.1384	0	0	0	1	0	0	0
1196	1202	818584	818589	17	7	6	2267	129	142	1358	0	1	50	0.2298	0.4333	0.8333	0.0044	0.8571	0.8333	0	1.2305	0.7782	0.699	-0.1667	0.0418	0.14	0	0	0	1	0	0	0
489	494	847972	847976	16	6	4	2020	106	141	1358	0	1	50	0.7202	0.2	0.8	0.0037	0.8333	1	0	1.2041	0.699	0.6021	-0.2	-0.0137	0.1322	0	0	0	1	0	0	0
861	866	858604	858608	17	7	4	2214	114	142	1356	0	1	50	0.7227	0.15	0.8	0.0037	0.7143	1	0	1.2305	0.699	0.6021	-0.2	0.0175	0.1322	0	0	0	1	0	0	0
765	771	879259	879265	16	9	8	2069	123	140	1358	0	1	50	0.8645	0.5556	1	0.0044	0.6667	0.75	0.5	1.2041	0.7782	0.7782	0	0.0103	0.1449	0	0	0	1	0	0	0
563	568	888672	888676	17	6	4	2157	113	141	1356	0	1	50	0.8304	0.15	0.8	0.0037	0.8333	1	0	1.2305	0.699	0.6021	-0.2	-0.0087	0.1322	0	0	0	1	0	0	0
816	822	899659	899665	18	8	6	2384	127	141	1358	0	1	50	0.7894	0.5	1	0.0044	0.75	1	0.5	1.2553	0.7782	0.7782	0	0.0347	0.1449	0	0	0	1	0	0	0
686	692	909972	909977	18	6	5	2280	113	140	1358	0	1	50	0.9808	0.4	0.8333	0.0044	1	1	0	1.2553	0.7782	0.699	-0.1667	-0.0104	0.14	0	0	0	1	0	0	0
974	980	972384	972388	18	6	4	2370	117	148	1358	0	1	50	0.5567	0.25	0.6667	0.0044	1	1	0	1.2553	0.7782	0.6021	-0.3333	0.0287	0.1353	0	0	0	1	0	0	0
583	589	983183	983189	17	9	7	2198	122	142	1354	0	1	50	0.8612	0.5278	1	0.0044	0.6667	0.8571	0.5	1.2305	0.7782	0.7782	0	0.0101	0.1449	0	0	0	1	0	0	0
312	319	1013642	1013647	16	9	5	1967	115	133	1356	0	1	50	0.4602	0.5429	0.7143	0.0052	0.7778	1	0	1.2041	0.8451	0.699	-0.2857	-0.0395	0.1441	0	0	0	1	0	0	0
297	302	1028213	1028219	16	5	6	1990	120	132	1356	0	1	50	0.4381	0.4667	0.8333	0.0037	1	1	1	1.2041	0.699	0.7782	0.1667	-0.0283	0.14	0	0	0	1	0	0	0
305	319	1042404	1042410	32	16	8	4131	120	143	1356	0	1	50	0.4498	0.6191	0.4286	0.0103	0.875	0.75	0	1.5051	1.1461	0.7782	-0.5714	0.0085	0.1892	0	0	0	1	0	0	0
731	736	1069368	1069372	16	5	4	2025	109	141	1356	0	1	50	0.9144	0.2	0.8	0.0037	1	1	0	1.2041	0.699	0.6021	-0.2	-0.0112	0.1322	0	0	0	1	0	0	0
301	307	1095698	1095703	16	7	5	2001	119	134	1356	0	1	50	0.4439	0.4667	0.8333	0.0044	0.8571	1	0	1.2041	0.7782	0.699	-0.1667	-0.0229	0.14	0	0	0	1	0	0	0
756	762	1110856	1110861	16	6	5	2015	111	142	1358	0	1	50	0.8778	0.4667	0.8333	0.0044	1	1	0	1.2041	0.7782	0.699	-0.1667	-0.0161	0.14	0	0	0	1	0	0	0
301	309	1156107	1156111	21	8	5	2633	120	134	1358	0	1	50	0.4433	0.3438	0.5	0.0059	1	0.8	0	1.3222	0.9031	0.6021	-0.5	-0.0205	0.1417	0	0	0	1	0	0	0
1325	1339	30207	30238	268	29	31	25809	79	124	1353	0	1	120	0.0207	0.3825	0.4516	0.0104	0.4828	1	1	2.4281	1.1461	1.4914	0.5484	-0.2476	0.7065	0	0	0	0	1	0	0
1	16	55572	55629	370	48	62	39293	27	119	1353	0	1	120	0.0015	0.5673	0.2632	0.0111	0.3125	0.9194	1	2.5682	1.1761	1.7559	0.7368	-0.1703	0.9755	0	0	0	0	1	0	0
1323	1333	68445	68506	330	48	61	33449	90	119	1353	0	1	120	0.0296	0.459	0.1639	0.0074	0.2083	1	1	2.5185	1	1.7853	0.8361	-0.2081	0.8861	0	0	0	0	1	0	0
1324	1333	75642	75681	207	25	39	21354	93	124	1353	0	1	120	0.0296	0.4103	0.2308	0.0066	0.36	1	1	2.316	0.9542	1.5911	0.7692	-0.1941	0.5805	0	0	0	0	1	0	0
1324	1335	97132	97213	594	55	81	61608	93	125	1353	0	1	120	0.0266	0.3333	0.1358	0.0081	0.2	1	1	2.7738	1.0414	1.9085	0.8642	-0.1897	0.9806	0	0	0	0	1	0	0
50	71	143784	143858	578	73	90	67901	100	132	1353	0	1	120	0.0739	0.6281	0.2838	0.0155	0.2877	0.8222	1	2.7619	1.3222	1.8692	0.7162	-0.0822	0.9998	0	0	0	0	1	0	0
828	836	128854	128981	788	78	127	83011	86	125	1687	0	1	50	0.9816	0.2244	0.063	0.0047	0.1026	1	1	2.8965	0.9031	2.1038	0.937	-0.177	0.9915	0	0	0	0	1	0	0
1324	1330	1543653	1543689	145	23	36	16920	108	127	1352	0	1	40	0.0325	0.3287	0.1667	0.0044	0.2609	1	1	2.1614	0.7782	1.5563	0.8333	-0.0884	0.3601	0	0	0	0	1	0	0
1325	1332	1564451	1564476	97	19	25	11608	111	133	1354	0	1	40	0.0325	0.4457	0.28	0.0052	0.3684	1	1	1.9868	0.8451	1.3979	0.72	-0.0651	0.2998	0	0	0	0	1	0	0
1326	1333	1581921	1581956	139	27	35	16441	110	132	1354	0	1	40	0.031	0.4326	0.2	0.0052	0.2593	1	1	2.143	0.8451	1.5441	0.8	-0.0759	0.4057	0	0	0	0	1	0	0
1325	1332	1599135	1599173	175	30	38	21073	111	133	1354	0	1	40	0.0325	0.3421	0.1842	0.0052	0.2333	1	1	2.243	0.8451	1.5798	0.8158	-0.0592	0.4399	0	0	0	0	1	0	0
1327	1332	1647908	1647954	144	20	47	17271	110	132	1354	0	1	40	0.0325	0.3739	0.1087	0.0037	0.25	0.9787	1	2.1584	0.699	1.6628	0.8913	-0.063	0.3819	0	0	0	0	1	0	0
1330	1334	1668998	1669028	73	15	30	8549	109	127	1358	0	1	40	0.0353	0.3917	0.1333	0.003	0.2667	1	1	1.8633	0.6021	1.4771	0.8667	-0.0851	0.2288	0	0	0	0	1	0	0
1329	1334	1682919	1682947	89	16	28	10584	110	134	1356	0	1	40	0.0325	0.3643	0.1786	0.0037	0.3125	1	1	1.9494	0.699	1.4472	0.8214	-0.0709	0.2532	0	0	0	0	1	0	0
1327	1332	1738096	1738114	72	15	18	8542	111	132	1358	0	1	40	0.0383	0.2	0.2778	0.0037	0.3333	1	1	1.8573	0.699	1.2553	0.7222	-0.0731	0.1954	0	0	0	0	1	0	0
1328	1334	1772580	1772598	64	14	19	7486	111	126	1358	0	1	40	0.0353	0.4074	0.3333	0.0044	0.4286	0.9474	1	1.8062	0.7782	1.2553	0.6667	-0.0862	0.215	0	0	0	0	1	0	0
1302	1308	2369532	2369561	115	18	29	14260	115	135	1352	0	1	40	0.0651	0.3391	0.2069	0.0044	0.3333	1	1	2.0607	0.7782	1.4624	0.7931	-0.0313	0.2984	0	0	0	0	1	0	0
1315	1321	2396372	2396392	58	15	20	7385	116	141	1352	0	1	40	0.0459	0.5167	0.3	0.0044	0.4	1	1	1.7634	0.7782	1.301	0.7	-0.0052	0.2288	0	0	0	0	1	0	0
1310	1316	2413168	2413186	60	16	19	7112	110	127	1352	0	1	40	0.0532	0.4444	0.3333	0.0044	0.375	0.9474	1	1.7781	0.7782	1.2553	0.6667	-0.074	0.215	0	0	0	0	1	0	0
1430	1466	5851552	5851560	134	47	13	17217	114	143	1650	1	0	69	0.223	0.5347	0.2222	0.0218	0.766	0.6154	0	2.1271	1.5563	0.9031	-0.7778	0.0038	0.4763	0	0	0	0	1	0	0
1357	1373	5877663	5877670	52	20	8	6616	116	143	1652	1	0	69	0.3378	0.5357	0.4375	0.0097	0.8	0.875	0	1.716	1.2041	0.8451	-0.5625	-0.006	0.2195	0	0	0	0	1	0	0
1427	1455	5897947	5897955	123	29	13	15711	117	141	1652	1	0	69	0.2385	0.4509	0.2857	0.017	0.9655	0.6154	0	2.0899	1.4472	0.9031	-0.7143	-0.0021	0.3725	0	0	0	0	1	0	0
1421	1448	5921344	5921348	81	28	9	10329	113	141	1650	1	0	69	0.2448	0.25	0.1481	0.0164	0.9643	0.4444	0	1.9085	1.4314	0.6021	-0.8518	-0.0038	0.215	0	0	0	0	1	0	0
1417	1437	5948468	5948472	56	26	6	7143	116	140	1652	1	0	69	0.2603	0.3	0.2	0.0121	0.7692	0.6667	0	1.7482	1.301	0.6021	-0.8	-0.0035	0.1852	0	0	0	0	1	0	0
1373	1395	5971611	5971616	68	24	9	8685	115	143	1650	1	0	69	0.3091	0.3818	0.2273	0.0133	0.9167	0.5556	0	1.8325	1.3424	0.699	-0.7727	-0.0022	0.2173	0	0	0	0	1	0	0
1444	1457	5996730	5996739	79	19	11	10188	116	140	1648	1	0	69	0.2318	0.3248	0.6923	0.0079	0.6842	0.8182	0	1.8976	1.1139	0.9542	-0.3077	0.0075	0.2253	0	0	0	0	1	0	0
63	86	6245624	6245776	2028	129	157	188767	28	140	1696	1	0	69	0.0743	0.4199	0.1513	0.0136	0.1783	0.9682	1	3.3071	1.3617	2.1818	0.8487	-0.2728	1	0	0	0	0	1	0	0
123	132	785268	785285	78	15	17	11382	129	157	1658	1	0	143	0.1484	0.4902	0.5294	0.0054	0.6	1	1	1.8921	0.9542	1.2305	0.4706	0.14	0.2699	0	0	0	0	1	0	0
625	631	1934306	1934337	127	19	31	13897	99	125	1364	0	1	100	0.9164	0.3172	0.1936	0.0044	0.3158	1	1	2.1038	0.7782	1.4914	0.8065	-0.1451	0.3154	0	0	0	0	1	0	0
625	635	1954598	1954686	540	57	88	60109	95	127	1364	0	1	100	0.9164	0.3864	0.1136	0.0073	0.1754	1	1	2.7324	1	1.9445	0.8864	-0.1304	0.9792	0	0	0	0	1	0	0
625	636	1970774	1970877	716	74	103	80541	97	134	1364	0	1	100	0.9164	0.3681	0.1068	0.0081	0.1487	1	1	2.8549	1.0414	2.0128	0.8932	-0.1212	0.9961	0	0	0	0	1	0	0
625	635	1981388	1981483	571	68	95	64701	98	135	1364	0	1	100	0.9164	0.399	0.1053	0.0073	0.1471	1	1	2.7566	1	1.9777	0.8947	-0.1147	0.9869	0	0	0	0	1	0	0
625	636	1997356	1997506	1082	102	150	118721	94	132	1366	0	1	100	0.9151	0.3442	0.0733	0.0081	0.1078	1	1	3.0342	1.0414	2.1761	0.9267	-0.1428	0.9999	0	0	0	0	1	0	0
623	639	2003323	2003457	1004	99	134	125338	109	143	1362	0	1	100	0.9148	0.5317	0.1194	0.0117	0.1616	1	1	3.0017	1.2041	2.1271	0.8806	-0.0247	1	0	0	0	0	1	0	0
624	635	2014210	2014317	477	82	107	53536	96	132	1364	0	1	100	0.915	0.5947	0.1028	0.0081	0.1341	1	1	2.6785	1.0414	2.0294	0.8972	-0.1232	0.9971	0	0	0	0	1	0	0
620	637	2020002	2020117	695	99	117	88065	111	141	1364	0	1	100	0.9091	0.6445	0.1478	0.0125	0.1717	0.9829	1	2.842	1.2305	2.0607	0.8522	-0.0101	1	0	0	0	0	1	0	0
623	632	2030688	2030738	319	31	50	36546	101	133	1364	0	1	100	0.9135	0.2911	0.18	0.0066	0.2903	1	1	2.5038	0.9542	1.699	0.82	-0.105	0.7281	0	0	0	0	1	0	0
621	632	2036193	2036297	585	91	105	65860	99	133	1364	0	1	100	0.9106	0.4886	0.1058	0.0081	0.1209	0.9905	1	2.7672	1.0414	2.017	0.8942	-0.1205	0.9964	0	0	0	0	1	0	0
621	632	2046094	2046183	495	67	90	56735	99	143	1364	0	1	100	0.9106	0.4944	0.1236	0.0081	0.1642	0.9889	1	2.6946	1.0414	1.9494	0.8764	-0.1046	0.9891	0	0	0	0	1	0	0
623	632	2056310	2056391	492	59	83	55666	101	133	1364	0	1	100	0.9135	0.3251	0.1111	0.0066	0.1525	0.9759	1	2.692	0.9542	1.9085	0.8889	-0.1161	0.9451	0	0	0	0	1	0	0
621	633	2076516	2076679	969	124	163	103558	92	141	1364	0	1	100	0.9106	0.5046	0.0736	0.0088	0.0968	1	1	2.9863	1.0792	2.2122	0.9264	-0.1651	1	0	0	0	0	1	0	0
621	632	2086004	2086116	733	75	112	81625	98	127	1364	0	1	100	0.9106	0.405	0.0982	0.0081	0.1467	1	1	2.8651	1.0414	2.0492	0.9018	-0.13	0.998	0	0	0	0	1	0	0
621	633	2095554	2095693	975	107	141	121633	108	140	1364	0	1	100	0.9106	0.4155	0.0863	0.0088	0.1121	0.9858	1	2.989	1.0792	2.143	0.9137	-0.0254	0.9999	0	0	0	0	1	0	0
620	631	2104786	2104879	706	56	93	77840	96	127	1364	0	1	100	0.9091	0.3099	0.1183	0.0081	0.1964	1	1	2.8488	1.0414	1.9685	0.8817	-0.1386	0.9919	0	0	0	0	1	0	0
619	630	2113679	2113824	926	113	146	98616	92	126	1364	0	1	100	0.9076	0.4194	0.0759	0.0081	0.0974	0.9931	1	2.9666	1.0414	2.1614	0.9241	-0.168	0.9998	0	0	0	0	1	0	0
619	630	2122174	2122284	653	90	110	71112	95	134	1366	0	1	100	0.9063	0.4603	0.1	0.0081	0.1222	1	1	2.8149	1.0414	2.0414	0.9	-0.1492	0.9977	0	0	0	0	1	0	0
617	623	2163461	2163487	104	25	26	11941	106	127	1364	0	1	100	0.9047	0.3333	0.2308	0.0044	0.24	1	1	2.017	0.7782	1.415	0.7692	-0.103	0.2739	0	0	0	0	1	0	0
618	625	2172852	2172874	105	16	23	12094	106	125	1366	0	1	100	0.9048	0.3182	0.3182	0.0051	0.4375	0.9565	1	2.0212	0.8451	1.3424	0.6818	-0.1001	0.2712	0	0	0	0	1	0	0
616	622	2182058	2182079	82	14	21	9584	109	126	1366	0	1	100	0.9019	0.3492	0.2857	0.0044	0.4286	1	1	1.9138	0.7782	1.3222	0.7143	-0.0869	0.2359	0	0	0	0	1	0	0
615	622	2188217	2188232	57	13	15	6560	107	127	1366	0	1	100	0.9004	0.4571	0.4667	0.0051	0.5385	1	1	1.7559	0.8451	1.1761	0.5333	-0.1009	0.2116	0	0	0	0	1	0	0
615	623	2197352	2197376	111	21	24	12919	106	127	1366	0	1	100	0.9004	0.4219	0.3333	0.0059	0.381	1	1	2.0453	0.9031	1.3802	0.6667	-0.0907	0.3241	0	0	0	0	1	0	0
614	622	2206544	2206572	161	18	28	18877	108	134	1364	0	1	100	0.9003	0.2813	0.2857	0.0059	0.4444	1	1	2.2068	0.9031	1.4472	0.7143	-0.084	0.3725	0	0	0	0	1	0	0
614	622	2215716	2215730	68	13	14	7990	109	133	1364	0	1	100	0.9003	0.3929	0.5714	0.0059	0.6154	1	1	1.8325	0.9031	1.1461	0.4286	-0.082	0.2195	0	0	0	0	1	0	0
616	622	2224908	2224928	87	15	20	10196	109	127	1364	0	1	100	0.9032	0.275	0.3	0.0044	0.4	1	1	1.9395	0.7782	1.301	0.7	-0.0844	0.2288	0	0	0	0	1	0	0
612	622	2237084	2237099	87	15	15	10024	106	127	1364	0	1	100	0.8974	0.42	0.6667	0.0073	0.6667	1	1	1.9395	1	1.1761	0.3333	-0.0999	0.266	0	0	0	0	1	0	0
38	49	735612	735624	113	11	12	12652	93	130	1707	1	0	100	0.0445	0.1439	0.9167	0.0064	1	1	1	2.0531	1.0414	1.0792	0.0833	-0.1253	0.2432	0	0	0	0	0	1	0
1252	1348	355940	356016	1812	119	135	196003	82	132	1687	1	0	80	0.4019	0.7516	0.7917	0.0569	0.8067	0.563	0	3.2582	1.9823	1.8808	-0.2083	-0.1549	1	0	0	0	0	0	1	0
1095	1102	3028545	3028556	41	8	11	4533	100	123	1467	1	0	120	0.4976	0.4675	0.6364	0.0048	0.875	1	1	1.6128	0.8451	1.0414	0.3636	-0.1362	0.1822	0	0	0	0	0	1	0
193	210	612201	612252	588	18	51	62182	73	135	1353	0	1	290	0.2853	0.3218	0.3333	0.0126	0.9444	1	1	2.7694	1.2305	1.7076	0.6667	-0.1738	0.9774	0	0	0	0	0	1	0
1159	1170	32914	32926	106	11	12	12792	100	134	1353	0	1	185	0.2705	0.197	0.9167	0.0081	1	1	1	2.0253	1.0414	1.0792	0.0833	-0.0572	0.2432	0	0	0	0	0	1	0
366	392	228379	228429	612	46	52	71337	103	127	1687	0	1	200	0.4339	0.5292	0.52	0.0154	0.5652	0.9615	1	2.7868	1.415	1.699	0.48	-0.0894	0.9987	0	0	0	0	0	1	0
837	850	231429	231443	155	13	14	16093	55	134	1687	0	1	200	0.9923	0.1484	0.9286	0.0077	1	1	1	2.1903	1.1139	1.1461	0.0714	-0.1889	0.3097	0	0	0	0	0	1	0
390	402	2513153	2513182	247	14	29	26419	88	126	1387	0	1	50	0.5624	0.2902	0.4138	0.0087	0.8571	1	1	2.3927	1.0792	1.4624	0.5862	-0.1644	0.5757	0	0	0	0	0	1	0
1351	1360	4807459	4807479	135	12	21	13096	89	109	1387	0	1	50	0.0389	0.25	0.45	0.0065	0.75	0.9524	1	2.1303	0.9542	1.301	0.55	-0.2421	0.3068	0	0	0	0	0	1	0
1325	1336	4848223	4848269	376	13	47	37703	91	117	1387	0	1	50	0.0735	0.2569	0.2391	0.0079	0.8461	0.9787	1	2.5752	1.0414	1.6628	0.7609	-0.2166	0.7955	0	0	0	0	0	1	0
1164	1173	466028	466057	202	15	29	21408	85	122	1353	0	1	70	0.2661	0.2261	0.3103	0.0066	0.6	1	1	2.3054	0.9542	1.4624	0.6897	-0.172	0.4317	0	0	0	0	0	1	0
542	564	51943	51952	132	32	20	14760	104	119	1227	0	1	40	0.8835	0.3333	0.4091	0.0179	0.6875	0.45	0	2.1206	1.3424	0.9542	-0.5909	-0.1264	0.3329	0	0	0	0	0	1	0
367	374	303225	303262	198	10	37	22581	101	127	1227	0	1	40	0.5982	0.2355	0.1892	0.0057	0.7	1	1	2.2967	0.8451	1.5682	0.8108	-0.109	0.4284	0	0	0	0	0	1	0
932	943	3020344	3020360	128	12	16	13996	88	126	1687	0	1	50	0.882	0.2727	0.6875	0.0065	0.9167	1	1	2.1072	1.0414	1.2041	0.3125	-0.1458	0.3012	0	0	0	0	0	1	0
516	528	1346892	1346908	143	15	16	14742	76	125	1353	0	1	70	0.7628	0.2552	0.75	0.0089	0.8	1	1	2.1553	1.0792	1.2041	0.25	-0.1946	0.3241	0	0	0	0	0	1	0
1332	1347	70219	70241	221	19	22	24230	97	124	1687	1	0	70	0.4031	0.3303	0.6818	0.0089	0.7895	1	1	2.3444	1.1761	1.3424	0.3182	-0.1435	0.5461	0	0	0	0	0	1	0
480	492	1263623	1263637	114	15	14	12221	80	125	1687	1	0	70	0.5691	0.3214	0.8571	0.0071	0.8	1	1	2.0569	1.0792	1.1461	0.1429	-0.1625	0.2901	0	0	0	0	0	1	0
699	740	1503538	1503546	176	44	15	18466	90	119	1353	1	0	50	0.9061	0.4634	0.1951	0.0303	0.9318	0.5333	0	2.2455	1.6128	0.9031	-0.8049	-0.1803	0.5428	0	0	0	0	0	1	0
431	444	1587172	1587191	176	21	19	19565	86	135	1353	1	0	50	0.6371	0.2874	0.6842	0.0096	0.6191	1	1	2.2455	1.1139	1.2787	0.3158	-0.1315	0.4089	0	0	0	0	0	1	0
96	132	7430	7458	513	42	29	62225	105	139	1353	0	1	50	0.1419	0.4911	0.7778	0.0266	0.8571	0.9655	0	2.7101	1.5563	1.4472	-0.2222	-0.0524	0.991	0	0	0	0	0	1	0
873	900	1099506	1099516	150	27	12	16873	96	129	1353	0	1	50	0.6696	0.4444	0.3704	0.02	1	0.8333	0	2.1761	1.4314	1	-0.6296	-0.1212	0.4465	0	0	0	0	0	1	0
525	538	2922516	2922536	181	16	20	19537	78	130	1353	0	1	50	0.776	0.3038	0.65	0.0096	0.8125	1	1	2.2577	1.1139	1.301	0.35	-0.1567	0.43	0	0	0	0	0	1	0
83	99	690095	690120	279	21	25	30271	61	135	1366	1	0	80	0.1215	0.3025	0.64	0.0117	0.7619	1	1	2.4456	1.2041	1.3979	0.36	-0.1524	0.6574	0	0	0	0	0	1	0
99	115	203973	203987	106	25	16	12782	108	134	1362	1	0	80	0.1454	0.5268	0.875	0.0117	0.64	0.875	0	2.0253	1.2041	1.1461	-0.125	-0.0579	0.3725	0	0	0	0	0	1	0
383	396	133188	133203	127	19	15	13938	90	135	1688	1	0	60	0.4538	0.3487	0.8667	0.0077	0.6842	1	1	2.1038	1.1139	1.1761	0.1333	-0.1426	0.3285	0	0	0	0	0	1	0
936	944	597956	597966	50	10	10	5345	93	127	1692	1	0	60	0.8842	0.375	0.8	0.0047	0.8	1	1	1.699	0.9031	1	0.2	-0.1648	0.1852	0	0	0	0	0	1	0
1010	1017	673841	673860	88	14	19	9432	95	125	1692	1	0	60	0.7979	0.3383	0.3684	0.0041	0.5	1	1	1.9445	0.8451	1.2787	0.6316	-0.1626	0.2445	0	0	0	0	0	1	0
955	963	731417	731423	34	10	6	3553	91	119	1692	1	0	60	0.8617	0.2917	0.75	0.0047	0.8	1	0	1.5315	0.9031	0.7782	-0.25	-0.1836	0.1551	0	0	0	0	0	1	0
1297	1305	817238	817245	46	8	8	5226	97	133	1690	1	0	60	0.4556	0.1786	0.875	0.0047	1	0.875	0	1.6628	0.9031	0.8451	-0.125	-0.1124	0.1622	0	0	0	0	0	1	0
1116	1124	861912	861921	38	12	10	4409	104	132	1690	1	0	60	0.6698	0.4722	0.8889	0.0047	0.6667	0.9	1	1.5798	0.9031	0.9542	0.1111	-0.0935	0.1773	0	0	0	0	0	1	0
1307	1314	968156	968164	35	9	9	4108	102	132	1692	1	0	60	0.4468	0.375	0.875	0.0041	0.7778	0.8889	1	1.5441	0.8451	0.9031	0.125	-0.083	0.1622	0	0	0	0	0	1	0
935	947	1035255	1035264	66	14	9	6760	84	127	1690	1	0	60	0.8793	0.3889	0.75	0.0071	0.8571	1	0	1.8195	1.0792	0.9542	-0.25	-0.1998	0.215	0	0	0	0	0	1	0
565	572	1074269	1074276	39	9	7	4442	101	134	1690	1	0	60	0.6686	0.2041	1	0.0041	0.7778	1	0.5	1.5911	0.8451	0.8451	0	-0.1102	0.156	0	0	0	0	0	1	0
372	381	1131516	1131524	38	11	8	4304	96	125	1690	1	0	60	0.4402	0.4722	0.8889	0.0053	0.8182	1	0	1.5798	0.9542	0.9031	-0.1111	-0.1151	0.1773	0	0	0	0	0	1	0
1609	1616	1168986	1168994	32	9	8	3094	85	110	1688	1	0	60	0.0853	0.4286	0.875	0.0041	0.7778	1	1	1.5051	0.8451	0.9031	0.125	-0.2446	0.1622	0	0	0	0	0	1	0
748	758	1199744	1199753	67	12	10	7367	87	134	1690	1	0	60	0.8852	0.2556	0.9	0.0059	0.8333	0.9	0	1.8261	1	0.9542	-0.1	-0.141	0.1954	0	0	0	0	0	1	0
189	199	1290093	1290103	64	11	10	7736	103	145	1690	1	0	60	0.2237	0.36	1	0.0059	0.9091	1	0.5	1.8062	1	1	0	-0.0557	0.2061	0	0	0	0	0	1	0
1559	1573	1658945	1658959	115	19	14	10923	71	118	1694	1	0	60	0.1429	0.4133	1	0.0083	0.7368	1	0.5	2.0607	1.1461	1.1461	0	-0.258	0.33	0	0	0	0	0	1	0
764	779	2070108	2070121	134	20	13	13696	67	127	1692	1	0	60	0.9031	0.3128	0.8667	0.0089	0.75	1	0	2.1271	1.1761	1.1139	-0.1333	-0.2015	0.3285	0	0	0	0	0	1	0
1633	1642	2097069	2097080	69	12	11	6235	77	109	1692	1	0	60	0.0591	0.303	0.8182	0.0053	0.75	1	1	1.8389	0.9542	1.0414	0.1818	-0.294	0.2051	0	0	0	0	0	1	0
133	142	2243918	2243932	101	12	14	11300	95	135	1692	1	0	60	0.1572	0.1984	0.6429	0.0053	0.75	1	1	2.0043	0.9542	1.1461	0.3571	-0.1259	0.2359	0	0	0	0	0	1	0
501	531	2455610	2455644	617	53	43	65563	70	135	1688	1	0	60	0.5936	0.3951	0.8824	0.0178	0.566	0.7907	1	2.7903	1.4771	1.5315	0.1177	-0.1698	0.9917	0	0	0	0	0	1	0
973	986	2563697	2563708	93	14	11	9363	75	119	1690	1	0	60	0.8331	0.3496	0.8461	0.0077	0.9286	1	0	1.9685	1.1139	1.0414	-0.1539	-0.2135	0.257	0	0	0	0	0	1	0
1627	1637	2637324	2637334	68	10	10	6567	83	109	1690	1	0	60	0.0627	0.32	1	0.0059	1	1	0.5	1.8325	1	1	0	-0.2455	0.2061	0	0	0	0	0	1	0
967	976	2690125	2690135	67	13	10	6947	84	119	1690	1	0	60	0.845	0.2556	0.9	0.0053	0.6923	1	1	1.8261	0.9542	1	0.1	-0.19	0.1954	0	0	0	0	0	1	0
1126	1135	2829623	2829653	166	23	31	18674	91	132	1692	1	0	60	0.6584	0.3852	0.3	0.0053	0.3913	0.9677	1	2.2201	0.9542	1.4771	0.7	-0.1211	0.4465	0	0	0	0	0	1	0
561	571	2993150	2993160	75	13	10	8457	93	135	1692	1	0	60	0.6631	0.25	1	0.0059	0.7692	1	0.5	1.8751	1	1	0	-0.1191	0.2061	0	0	0	0	0	1	0
1338	1348	3023370	3023381	82	14	11	9124	93	127	1694	1	0	60	0.4085	0.2546	0.9091	0.0059	0.7143	1	1	1.9138	1	1.0414	0.0909	-0.1307	0.2173	0	0	0	0	0	1	0
1357	1370	3378464	3378474	81	15	10	8996	91	133	1692	1	0	60	0.3806	0.3769	0.7692	0.0077	0.8667	1	0	1.9085	1.1139	1	-0.2308	-0.1323	0.2408	0	0	0	0	0	1	0
512	521	3406368	3406376	55	11	8	6241	97	133	1692	1	0	60	0.6052	0.2361	0.8889	0.0053	0.8182	1	0	1.7404	0.9542	0.9031	-0.1111	-0.1135	0.1773	0	0	0	0	0	1	0
1606	1620	3457631	3457651	208	23	21	17619	61	109	1686	1	0	60	0.0783	0.2571	0.7	0.0083	0.6087	0.9524	1	2.3181	1.1461	1.301	0.3	-0.3382	0.463	0	0	0	0	0	1	0
532	544	3581245	3581267	148	25	23	16061	91	127	1686	1	0	60	0.6311	0.4394	0.5454	0.0071	0.48	0.9565	1	2.1703	1.0792	1.3424	0.4545	-0.1522	0.4366	0	0	0	0	0	1	0
1393	1402	92878	92896	126	15	18	12598	84	124	1688	1	0	60	0.3389	0.2222	0.5	0.0053	0.6	1	1	2.1004	0.9542	1.2553	0.5	-0.2189	0.2819	0	0	0	0	0	1	0
744	757	113269	113291	162	21	23	17124	85	124	1690	1	0	60	0.8805	0.4336	0.5909	0.0077	0.6191	0.9565	1	2.2095	1.1139	1.3424	0.4091	-0.1742	0.4729	0	0	0	0	0	1	0
595	607	140744	140756	100	15	12	11247	85	132	1692	1	0	60	0.7033	0.3056	1	0.0071	0.8	1	0.5	2	1.0792	1.0792	0	-0.1213	0.2583	0	0	0	0	0	1	0
1108	1120	2497122	2497138	137	13	16	15672	85	133	1373	0	1	40	0.3685	0.2865	0.75	0.0087	0.9231	1	1	2.1367	1.0792	1.2041	0.25	-0.1063	0.3241	0	0	0	0	0	0	1
333	342	764107	764213	525	16	106	57020	95	127	1353	0	1	70	0.4922	0.4497	0.0849	0.0066	0.5625	1	1	2.7202	0.9542	2.0253	0.9151	-0.1515	0.9872	0	0	0	0	0	0	1
1269	1296	374730	374925	2463	188	212	296673	42	143	1353	0	1	70	0.0843	0.5322	0.1385	0.02	0.1436	0.9198	1	3.3915	1.4314	2.29	0.8615	-0.059	1	0	0	0	0	0	0	1
1109	1144	401768	401951	4298	188	189	515942	6	148	1353	0	1	70	0.3089	0.329	0.1913	0.0259	0.1862	0.9682	1	3.6333	1.5441	2.2624	0.8087	-0.0622	1	0	0	0	0	0	0	1
1293	1316	600561	600841	2643	170	285	271889	44	125	1353	0	1	70	0.0547	0.5896	0.0821	0.017	0.1353	0.9825	1	3.4221	1.3617	2.4472	0.9179	-0.1963	1	0	0	0	0	0	0	1
1252	1264	1229599	1229628	269	22	29	26745	71	125	1353	0	1	70	0.1316	0.227	0.4138	0.0089	0.5454	1	1	2.4297	1.0792	1.4624	0.5862	-0.2233	0.5757	0	0	0	0	0	0	1
1051	1064	1314158	1314195	375	25	37	38401	48	134	1353	0	1	70	0.4272	0.2204	0.3514	0.0096	0.52	1	1	2.574	1.1139	1.5682	0.6486	-0.2	0.767	0	0	0	0	0	0	1
317	322	166852	166856	15	5	4	1826	110	135	1694	1	0	143	0.3743	0.25	0.8	0.003	1	1	0	1.1761	0.699	0.6021	-0.2	-0.049	0.1322	0	0	0	0	0	0	1
39	208	2410802	2410860	5632	286	141	591111	45	125	1356	0	1	40	0.0575	0.4254	0.3432	0.1246	0.5909	0.4114	0	3.7507	2.2279	1.7634	-0.6568	-0.18	1	0	0	0	0	0	0	1
41	212	2609514	2609580	5951	302	136	617708	38	124	1356	0	1	40	0.0605	0.4727	0.386	0.1261	0.5662	0.4853	0	3.7746	2.233	1.8195	-0.614	-0.1891	1	0	0	0	0	0	0	1
1611	1619	1671950	1671963	69	10	14	5361	63	93	1656	1	0	80	0.0447	0.3365	0.6154	0.0048	0.8	0.9286	1	1.8389	0.9031	1.1139	0.3846	-0.393	0.2105	0	0	0	0	0	0	1
1616	1625	1725137	1725163	138	23	26	8720	48	84	1656	1	0	80	0.0374	0.4103	0.3462	0.0054	0.3913	1	1	2.1399	0.9542	1.415	0.6539	-0.5063	0.3882	0	0	0	0	0	0	1
1613	1622	1752541	1752560	116	17	19	9105	65	94	1658	1	0	80	0.0434	0.3216	0.4737	0.0054	0.5294	1	1	2.0645	0.9542	1.2787	0.5263	-0.3868	0.2942	0	0	0	0	0	0	1
1603	1613	1995544	1995586	308	25	42	22991	55	94	1656	1	0	80	0.0519	0.2667	0.2381	0.006	0.4	1	1	2.4885	1	1.6233	0.7619	-0.4168	0.6868	0	0	0	0	0	0	1
1576	1587	2063540	2063558	116	17	18	9110	64	94	1658	1	0	80	0.0856	0.4141	0.6111	0.0066	0.6471	1	1	2.0645	1.0414	1.2553	0.3889	-0.3864	0.3329	0	0	0	0	0	0	1
662	670	266284	266316	152	25	32	17101	101	125	1630	0	1	120	0.8123	0.4063	0.25	0.0049	0.32	1	1	2.1818	0.9031	1.5051	0.75	-0.121	0.4235	0	0	0	0	0	0	1
556	564	1146657	1146672	108	12	15	11491	87	126	1626	0	1	120	0.6839	0.1	0.5333	0.0049	0.6667	1	1	2.0334	0.9031	1.1761	0.4667	-0.1688	0.2288	0	0	0	0	0	0	1
1053	1064	701399	701451	352	41	53	39648	92	141	1360	0	1	175	0.4353	0.3846	0.2115	0.0081	0.2683	0.9811	1	2.5465	1.0414	1.716	0.7885	-0.12	0.8579	0	0	0	0	0	0	1
550	558	1154994	1155025	190	22	31	21326	95	133	1362	0	1	175	0.8076	0.2339	0.2581	0.0059	0.3636	1	1	2.2787	0.9031	1.4914	0.7419	-0.1231	0.4106	0	0	0	0	0	0	1
775	783	1370789	1370812	111	16	23	13374	110	134	1358	0	1	40	0.8468	0.3967	0.3478	0.0059	0.5	1	1	2.0453	0.9031	1.3617	0.6522	-0.0587	0.3125	0	0	0	0	0	0	1
100	116	1002562	1002587	211	26	28	23894	102	134	1374	0	1	40	0.1456	0.4725	0.64	0.0116	0.6154	0.8929	1	2.3243	1.2041	1.3979	0.36	-0.1153	0.6574	0	0	0	0	0	0	1
76	111	1012529	1012905	6652	359	392	716869	4	140	1374	0	1	40	0.1106	0.4945	0.0931	0.0255	0.0975	0.9592	1	3.8229	1.5441	2.5752	0.9069	-0.1581	1	0	0	0	0	0	0	1
0	13	159043	159085	253	36	46	35308	127	151	1687	0	1	200	0	0.5366	0.3095	0.0077	0.3611	0.913	1	2.4031	1.1139	1.6233	0.6905	0.0903	0.8355	0	0	0	0	0	0	1
1	18	117422	117551	1125	63	131	140521	101	151	1687	0	1	200	0.0012	0.487	0.1318	0.0101	0.2698	0.9847	1	3.0512	1.2305	2.1106	0.8682	-0.0242	1	0	0	0	0	0	0	1
2	11	130760	130780	110	12	20	10340	71	116	1687	0	1	200	0.0024	0.3889	0.45	0.0053	0.75	1	1	2.0414	0.9542	1.301	0.55	-0.2656	0.3068	0	0	0	0	0	0	1
9	18	143523	143544	125	14	21	13987	97	141	1687	0	1	200	0.0107	0.3386	0.4286	0.0053	0.6429	1	1	2.0969	0.9542	1.3222	0.5714	-0.1258	0.3197	0	0	0	0	0	0	1
14	24	149048	149070	150	12	22	17566	99	140	1687	0	1	200	0.0166	0.3182	0.4545	0.0059	0.8333	1	1	2.1761	1	1.3424	0.5454	-0.0851	0.3663	0	0	0	0	0	0	1
6	17	363701	363718	140	11	17	14533	76	125	1687	0	1	200	0.0071	0.2513	0.6471	0.0065	1	1	1	2.1461	1.0414	1.2305	0.3529	-0.189	0.3168	0	0	0	0	0	0	1
7	19	375592	375611	199	12	19	20323	74	127	1687	0	1	200	0.0083	0.1272	0.6316	0.0071	1	1	1	2.2989	1.0792	1.2787	0.3684	-0.2021	0.3787	0	0	0	0	0	0	1
9	18	379740	379759	110	11	19	12881	99	133	1687	0	1	200	0.0107	0.3567	0.4737	0.0053	0.8182	1	1	2.0414	0.9542	1.2787	0.5263	-0.0852	0.2942	0	0	0	0	0	0	1
6	14	393457	393488	196	11	31	22532	97	134	1687	0	1	200	0.0071	0.2097	0.2581	0.0047	0.7273	1	1	2.2923	0.9031	1.4914	0.7419	-0.1019	0.4106	0	0	0	0	0	0	1
6	17	402394	402418	145	13	24	17419	111	135	1687	0	1	200	0.0071	0.4508	0.4583	0.0065	0.8461	1	1	2.1614	1.0414	1.3802	0.5417	-0.0615	0.4366	0	0	0	0	0	0	1
4	13	409986	410023	213	17	37	24476	96	134	1687	0	1	200	0.0047	0.3604	0.2432	0.0053	0.5294	1	1	2.3284	0.9542	1.5682	0.7568	-0.1023	0.5511	0	0	0	0	0	0	1
2	10	421204	421233	161	13	29	18711	103	133	1687	0	1	200	0.0024	0.306	0.2759	0.0047	0.6154	1	1	2.2068	0.9031	1.4624	0.7241	-0.0921	0.385	0	0	0	0	0	0	1
0	12	430948	430980	304	18	32	34142	90	133	1687	0	1	200	0	0.2083	0.375	0.0071	0.6667	1	1	2.4829	1.0792	1.5051	0.625	-0.1226	0.633	0	0	0	0	0	0	1
0	11	444148	444169	161	12	21	18047	96	133	1687	0	1	200	0	0.303	0.5238	0.0065	0.9167	1	1	2.2068	1.0414	1.3222	0.4762	-0.1243	0.3834	0	0	0	0	0	0	1
2	8	448681	448720	137	18	39	18013	121	143	1687	0	1	200	0.0024	0.4145	0.1539	0.0036	0.3333	1	1	2.1367	0.7782	1.5911	0.8461	0.0272	0.3882	0	0	0	0	0	0	1
4	12	455227	455253	125	15	26	14353	102	126	1687	0	1	200	0.0047	0.399	0.3077	0.0047	0.5333	1	1	2.0969	0.9031	1.415	0.6923	-0.1029	0.3479	0	0	0	0	0	0	1
0	8	464503	464538	189	18	35	21380	99	127	1687	0	1	200	0	0.325	0.2286	0.0047	0.4444	1	1	2.2765	0.9031	1.5441	0.7714	-0.1162	0.463	0	0	0	0	0	0	1
28	36	3213793	3213815	124	16	22	14618	97	141	1658	1	0	100	0.0338	0.2955	0.3636	0.0048	0.5	1	1	2.0934	0.9031	1.3424	0.6364	-0.079	0.3012	0	0	0	0	0	0	1
25	33	3277804	3277821	91	15	17	10957	105	141	1658	1	0	100	0.0302	0.3309	0.4706	0.0048	0.5333	1	1	1.959	0.9031	1.2305	0.5294	-0.0593	0.2482	0	0	0	0	0	0	1
1343	1351	46714	46725	56	11	11	5729	90	117	1362	1	0	70	0.0161	0.3636	0.7273	0.0059	0.7273	1	1	1.7482	0.9031	1.0414	0.2727	-0.2007	0.1934	0	0	0	0	0	0	1
0	4	224005	224035	83	18	31	7446	71	108	1360	1	0	70	0	0.3083	0.1333	0.0029	0.2222	0.9677	1	1.9191	0.6021	1.4771	0.8667	-0.2991	0.2288	0	0	0	0	0	0	1
2	10	1798872	1798895	131	16	23	12909	81	117	1698	0	1	90	0.0024	0.288	0.3478	0.0047	0.5	1	1	2.1173	0.9031	1.3617	0.6522	-0.2301	0.3125	0	0	0	0	0	0	1
1273	1283	167280	167335	313	33	58	29386	86	103	1353	0	1	185	0.1035	0.4309	0.1818	0.0074	0.303	0.9483	1	2.4955	1	1.7404	0.8182	-0.2665	0.8391	0	0	0	0	0	0	1
25	34	281358	281513	891	36	155	76438	70	103	1353	0	1	185	0.0369	0.3613	0.0581	0.0066	0.25	1	1	2.9499	0.9542	2.1903	0.9419	-0.3298	0.9993	0	0	0	0	0	0	1
1206	1214	308931	308956	134	12	25	14838	100	119	1353	0	1	185	0.2055	0.33	0.32	0.0059	0.6667	1	1	2.1271	0.9031	1.3979	0.68	-0.1349	0.3359	0	0	0	0	0	0	1
71	79	471955	472005	230	22	50	23697	93	118	1353	0	1	185	0.105	0.425	0.16	0.0059	0.3636	1	1	2.3617	0.9031	1.699	0.84	-0.1951	0.6574	0	0	0	0	0	0	1
1144	1158	113260	113277	120	26	17	15146	117	140	1372	0	1	40	0.3119	0.4958	0.8235	0.0102	0.5385	1	1	2.0792	1.1461	1.2305	0.1765	-0.0139	0.3945	0	0	0	0	0	0	1
804	817	151240	151265	133	32	25	16759	114	134	1372	0	1	40	0.809	0.5908	0.52	0.0095	0.4063	1	1	2.1239	1.1139	1.3979	0.48	-0.0156	0.5378	0	0	0	0	0	0	1
845	857	189673	189695	103	25	26	13299	122	142	1372	0	1	40	0.7507	0.6098	0.5454	0.0088	0.48	0.8461	1	2.0128	1.0792	1.3424	0.4545	0.0087	0.4366	0	0	0	0	0	0	1
798	808	225718	225742	170	23	24	21545	118	141	1370	0	1	40	0.8204	0.2917	0.4167	0.0073	0.4348	1	1	2.2304	1	1.3802	0.5833	-0.0099	0.3977	0	0	0	0	0	0	1
1090	1103	255155	255186	168	37	33	21640	119	143	1374	0	1	40	0.3945	0.5831	0.4193	0.0095	0.3514	0.9394	1	2.2253	1.1139	1.4914	0.5806	0.0063	0.6619	0	0	0	0	0	0	1
806	828	300303	300316	125	35	18	16258	118	140	1372	0	1	40	0.793	0.5629	0.5909	0.016	0.6286	0.7222	0	2.0969	1.3424	1.1139	-0.4091	0.0161	0.4729	0	0	0	0	0	0	1
963	974	657468	657502	201	38	35	26197	123	141	1372	0	1	40	0.5802	0.4626	0.3235	0.008	0.2895	0.9714	1	2.3032	1.0414	1.5315	0.6765	0.0182	0.6173	0	0	0	0	0	0	1
